{
  "mspe": {
    "sum": 338963298.22,
    "range": [
      1620130.2,
      156486643.9
    ],
    "mean": 56493883.03666667,
    "median": 13640016.03,
    "deltaMean": 66661840.57555556,
    "stdRange": [
      -76829798.11444446,
      189817564.1877778
    ]
  },
  "nb_effort": {
    "sum": 701.62,
    "range": [
      3.8,
      392.6
    ],
    "mean": 116.93666666666667,
    "median": 110,
    "deltaMean": 106.23222222222223,
    "stdRange": [
      -95.5277777777778,
      329.4011111111111
    ]
  },
  "bq_jobs": {
    "sum": 911,
    "range": [
      3,
      520
    ],
    "mean": 91.1,
    "median": 40,
    "deltaMean": 93.53999999999999,
    "stdRange": [
      -95.97999999999999,
      278.17999999999995
    ]
  },
  "mape": {
    "sum": 12171.259999999998,
    "range": [
      788.78,
      4019.66
    ],
    "mean": 2028.543333333333,
    "median": 1405.3,
    "deltaMean": 1327.4111111111108,
    "stdRange": [
      -626.2788888888886,
      4683.365555555554
    ]
  }
}
